name,obs_mean,obs_std,obs_min,obs_max,obs_stat_min,obs_stat_max,sim_mean,sim_std,sim_min,sim_max,sim_stat_min,sim_stat_max,distance
qa1884,7.8,2.67796e-15,7.8,7.8,7.8,7.8,5.16143,1.15243,2.604,7.729,4.009,6.31386,0.071
qa1885,7.192,4.46326e-15,7.192,7.192,7.192,7.192,4.74375,1.07552,2.193,7.101,3.66823,5.81927,0.091
qa1886,6.585,8.92653e-16,6.585,6.585,6.585,6.585,4.35833,1.04216,1.822,6.524,3.31617,5.40049,0.061
qa1887,6.202,8.92653e-16,6.202,6.202,6.202,6.202,4.01795,1.02046,1.557,6.192,2.99749,5.03841,0.01
qa1913,9.983,1.78531e-15,9.983,9.983,9.983,9.983,5.58528,1.52371,2.232,9.202,4.06157,7.10899,0.781
qa1985,4.764,1.78531e-15,4.764,4.764,4.764,4.764,2.34268,0.815976,0.7129,4.542,1.5267,3.15866,0.222
qa2346,1.962,1.11582e-15,1.962,1.962,1.962,1.962,0.721868,0.343294,0.2006,1.83,0.378574,1.06516,0.132
qa2349,1.716,4.46326e-16,1.716,1.716,1.716,1.716,0.669357,0.323911,0.1225,1.692,0.345446,0.993268,0.024
qa2352,1.631,0,1.631,1.631,1.631,1.631,0.623631,0.310546,0.068,1.597,0.313085,0.934177,0.034
qa2353,1.631,0,1.631,1.631,1.631,1.631,0.611536,0.304234,0.0427,1.57,0.307302,0.91577,0.061
qa2354,1.631,0,1.631,1.631,1.631,1.631,0.599828,0.301944,0.0378,1.554,0.297884,0.901772,0.077
qa2355,1.631,0,1.631,1.631,1.631,1.631,0.587268,0.296434,0.0351,1.542,0.290834,0.883702,0.089
qa2356,1.546,4.46326e-16,1.546,1.546,1.546,1.546,0.575255,0.290134,0.0328,1.485,0.285121,0.865389,0.061
qa2357,1.546,4.46326e-16,1.546,1.546,1.546,1.546,0.56462,0.286431,0.0317,1.456,0.278189,0.851051,0.09
qa2358,1.546,4.46326e-16,1.546,1.546,1.546,1.546,0.555643,0.282683,0.0281,1.451,0.27296,0.838326,0.095
qa2359,1.546,4.46326e-16,1.546,1.546,1.546,1.546,0.547921,0.278831,0.0266,1.425,0.26909,0.826752,0.121
qa2360,1.546,4.46326e-16,1.546,1.546,1.546,1.546,0.536103,0.273626,0.0257,1.387,0.262477,0.809729,0.159
qa2371,1.376,4.46326e-16,1.376,1.376,1.376,1.376,0.548264,0.282464,0.0271,1.365,0.2658,0.830728,0.011
qa2372,1.376,4.46326e-16,1.376,1.376,1.376,1.376,0.533991,0.273887,0.0276,1.366,0.260104,0.807878,0.01
qa2373,1.376,4.46326e-16,1.376,1.376,1.376,1.376,0.520217,0.26828,0.028,1.319,0.251937,0.788497,0.057
qa2374,1.376,4.46326e-16,1.376,1.376,1.376,1.376,0.508161,0.261798,0.0208,1.284,0.246363,0.769959,0.092
qa2375,1.376,4.46326e-16,1.376,1.376,1.376,1.376,0.497257,0.256463,0.0227,1.262,0.240794,0.75372,0.114
qa2376,1.291,2.23163e-16,1.291,1.291,1.291,1.291,0.484973,0.253371,0.0244,1.254,0.231602,0.738344,0.037
qa2377,1.291,2.23163e-16,1.291,1.291,1.291,1.291,0.475485,0.246776,0.0258,1.206,0.228709,0.722261,0.085
qa2378,1.291,2.23163e-16,1.291,1.291,1.291,1.291,0.466919,0.242586,0.0269,1.182,0.224333,0.709505,0.109
qa2379,1.291,2.23163e-16,1.291,1.291,1.291,1.291,0.457587,0.23883,0.0278,1.155,0.218757,0.696417,0.136
qa2380,1.291,2.23163e-16,1.291,1.291,1.291,1.291,0.450118,0.235878,0.0284,1.147,0.21424,0.685996,0.144
qa2381,1.291,2.23163e-16,1.291,1.291,1.291,1.291,0.446852,0.23171,0.0289,1.133,0.215142,0.678562,0.158
qa2382,1.205,6.6949e-16,1.205,1.205,1.205,1.205,0.440012,0.230335,0.0292,1.12,0.209677,0.670347,0.085
qa2383,1.205,6.6949e-16,1.205,1.205,1.205,1.205,0.433773,0.226399,0.0294,1.099,0.207374,0.660172,0.106
qa2384,1.205,6.6949e-16,1.205,1.205,1.205,1.205,0.427228,0.223383,0.0294,1.072,0.203845,0.650611,0.133
qa2385,1.205,6.6949e-16,1.205,1.205,1.205,1.205,0.420561,0.220894,0.0291,1.068,0.199667,0.641455,0.137
qa2386,1.205,6.6949e-16,1.205,1.205,1.205,1.205,0.416508,0.217448,0.0289,1.041,0.19906,0.633956,0.164
qa2387,1.12,6.6949e-16,1.12,1.12,1.12,1.12,0.409116,0.215218,0.0286,1.046,0.193898,0.624334,0.074
qa2388,1.12,6.6949e-16,1.12,1.12,1.12,1.12,0.404059,0.212458,0.0283,1.029,0.191601,0.616517,0.091
qa2389,1.12,6.6949e-16,1.12,1.12,1.12,1.12,0.398643,0.210707,0.028,1.037,0.187936,0.60935,0.083
qa2390,1.12,6.6949e-16,1.12,1.12,1.12,1.12,0.393193,0.208354,0.0276,1.018,0.184839,0.601547,0.102
qa2391,1.12,6.6949e-16,1.12,1.12,1.12,1.12,0.387694,0.206884,0.0271,1.01,0.18081,0.594578,0.11
qa2392,1.12,6.6949e-16,1.12,1.12,1.12,1.12,0.384414,0.205788,0.0263,1.02,0.178626,0.590202,0.1
qa2393,1.12,6.6949e-16,1.12,1.12,1.12,1.12,0.379868,0.205063,0.0255,1.005,0.174805,0.584931,0.115
qa2394,1.12,6.6949e-16,1.12,1.12,1.12,1.12,0.376137,0.204181,0.0248,1.018,0.171956,0.580318,0.102
qa2395,1.12,6.6949e-16,1.12,1.12,1.12,1.12,0.373336,0.202573,0.0335,1.012,0.170763,0.575909,0.108
qa2396,1.035,0,1.035,1.035,1.035,1.035,0.368768,0.199834,0.0302,0.9972,0.168934,0.568602,0.0378
qa2397,1.035,0,1.035,1.035,1.035,1.035,0.364972,0.198385,0.0281,0.9886,0.166587,0.563357,0.0464
qa2398,1.035,0,1.035,1.035,1.035,1.035,0.36486,0.197328,0.0208,0.9834,0.167532,0.562188,0.0516
qa2399,1.035,0,1.035,1.035,1.035,1.035,0.362163,0.194649,0.0276,0.9846,0.167514,0.556812,0.0504
qa2435,0.95,3.34745e-16,0.95,0.95,0.95,0.95,0.299032,0.166253,0.0181,0.8772,0.132779,0.465285,0.0728
qa2643,57.244,1.42824e-14,57.244,57.244,57.244,57.244,17.9714,7.38268,3.533,49.67,10.5887,25.3541,7.574
qa2646,57.244,1.42824e-14,57.244,57.244,57.244,57.244,21.3245,7.67813,4.067,45.23,13.6464,29.0026,12.014
qa2956,5.711,0,5.711,5.711,5.711,5.711,3.40865,0.925036,1.202,5.53,2.48361,4.33369,0.181
qa2962,34.511,7.14122e-15,34.511,34.511,34.511,34.511,14.4164,6.3111,2.135,26.4,8.10532,20.7275,8.111
qa2963,45.173,0,45.173,45.173,45.173,45.173,12.2383,4.47295,2.174,21.51,7.76534,16.7112,23.663
qa2964,28.719,1.42824e-14,28.719,28.719,28.719,28.719,10.4168,3.49352,2.239,18.02,6.92327,13.9103,10.699
qa2965,20.8,3.57061e-15,20.8,20.8,20.8,20.8,12.0119,4.28031,2.343,20.23,7.7316,16.2922,0.57
qa3037,4.934,1.78531e-15,4.934,4.934,4.934,4.934,2.48726,0.968146,0.5341,4.748,1.51911,3.4554,0.186
qa3038,5.318,8.92653e-16,5.318,5.318,5.318,5.318,2.41783,0.91211,0.5164,4.454,1.50571,3.32994,0.864
qa3039,4.934,1.78531e-15,4.934,4.934,4.934,4.934,2.30853,0.885227,0.4929,4.441,1.4233,3.19376,0.493
qa3040,4.557,8.92653e-16,4.557,4.557,4.557,4.557,2.19172,0.876715,0.4673,4.364,1.315,3.06843,0.193
qa3041,4.374,8.92653e-16,4.374,4.374,4.374,4.374,2.08068,0.872721,0.4213,4.225,1.20796,2.9534,0.149
qa3042,4.19,1.78531e-15,4.19,4.19,4.19,4.19,1.97731,0.872364,0.4007,4.087,1.10495,2.84968,0.103
qa3043,4.01,1.78531e-15,4.01,4.01,4.01,4.01,1.88142,0.873231,0.3938,3.988,1.00819,2.75465,0.022
qa3063,3.171,8.92653e-16,3.171,3.171,3.171,3.171,1.16864,0.731204,0.1791,3.155,0.43744,1.89985,0.016
qa3095,2.355,1.33898e-15,2.355,2.355,2.355,2.355,0.805272,0.56176,0.0609,2.347,0.243512,1.36703,0.008
qa3096,2.355,1.33898e-15,2.355,2.355,2.355,2.355,0.816521,0.552408,0.071,2.351,0.264113,1.36893,0.004
qa3098,2.48,1.33898e-15,2.48,2.48,2.48,2.48,0.922528,0.584237,0.0644,2.426,0.338291,1.50676,0.054
qa3099,2.48,1.33898e-15,2.48,2.48,2.48,2.48,0.890538,0.556012,0.0568,2.311,0.334526,1.44655,0.169
qa3100,2.355,1.33898e-15,2.355,2.355,2.355,2.355,0.855208,0.53813,0.0556,2.276,0.317078,1.39334,0.079
qa3101,2.355,1.33898e-15,2.355,2.355,2.355,2.355,0.824549,0.52909,0.0613,2.27,0.295459,1.35364,0.085
qa3102,2.355,1.33898e-15,2.355,2.355,2.355,2.355,0.799183,0.526539,0.0578,2.264,0.272644,1.32572,0.091
qa3103,2.355,1.33898e-15,2.355,2.355,2.355,2.355,0.780191,0.525451,0.0496,2.243,0.25474,1.30564,0.112
qa3104,2.24,1.33898e-15,2.24,2.24,2.24,2.24,0.763763,0.52295,0.0569,2.237,0.240813,1.28671,0.003
qa3105,2.355,1.33898e-15,2.355,2.355,2.355,2.355,0.912576,0.555663,0.0705,2.225,0.356913,1.46824,0.13
qa3116,2.355,1.33898e-15,2.355,2.355,2.355,2.355,0.921378,0.552567,0.1407,2.282,0.368811,1.47394,0.073
qa3117,2.355,1.33898e-15,2.355,2.355,2.355,2.355,0.887912,0.538725,0.1453,2.166,0.349187,1.42664,0.189
qa3118,2.24,1.33898e-15,2.24,2.24,2.24,2.24,0.858141,0.526478,0.1384,2.14,0.331663,1.38462,0.1
qa3119,2.24,1.33898e-15,2.24,2.24,2.24,2.24,0.832767,0.516358,0.1327,2.136,0.316409,1.34913,0.104
qa3120,2.24,1.33898e-15,2.24,2.24,2.24,2.24,0.808167,0.504423,0.1284,2.097,0.303744,1.31259,0.143
qa3121,2.24,1.33898e-15,2.24,2.24,2.24,2.24,0.787725,0.4993,0.1227,2.099,0.288425,1.28702,0.141
qa3122,2.24,1.33898e-15,2.24,2.24,2.24,2.24,0.768169,0.49166,0.1229,2.081,0.276509,1.25983,0.159
qa3123,2.24,1.33898e-15,2.24,2.24,2.24,2.24,0.754502,0.486037,0.1185,2.068,0.268465,1.24054,0.172
qa3124,2.24,1.33898e-15,2.24,2.24,2.24,2.24,0.739281,0.47886,0.1189,2.038,0.260421,1.21814,0.202
qa3125,2.24,1.33898e-15,2.24,2.24,2.24,2.24,0.720416,0.474458,0.1165,2.039,0.245958,1.19487,0.201
qa3126,2.24,1.33898e-15,2.24,2.24,2.24,2.24,0.708317,0.469594,0.1149,2.028,0.238723,1.17791,0.212
qa3127,2.24,1.33898e-15,2.24,2.24,2.24,2.24,0.69759,0.463269,0.1065,2.019,0.234321,1.16086,0.221
qa3128,2.24,1.33898e-15,2.24,2.24,2.24,2.24,0.687713,0.458893,0.1035,2.018,0.22882,1.14661,0.222
qa3129,2.24,1.33898e-15,2.24,2.24,2.24,2.24,0.676812,0.456099,0.0903,2.018,0.220713,1.13291,0.222
qa3130,2.24,1.33898e-15,2.24,2.24,2.24,2.24,0.667284,0.450991,0.0887,2.016,0.216293,1.11828,0.224
qa3131,2.24,1.33898e-15,2.24,2.24,2.24,2.24,0.658796,0.445933,0.0796,1.987,0.212863,1.10473,0.253
qa3132,2.24,1.33898e-15,2.24,2.24,2.24,2.24,0.648941,0.443934,0.0889,1.966,0.205007,1.09287,0.274
qa3133,2.24,1.33898e-15,2.24,2.24,2.24,2.24,0.638762,0.440045,0.0743,1.948,0.198717,1.07881,0.292
qa3134,2.24,1.33898e-15,2.24,2.24,2.24,2.24,0.631363,0.434441,0.076,1.958,0.196922,1.0658,0.282
qa3135,2.24,1.33898e-15,2.24,2.24,2.24,2.24,0.624535,0.432046,0.0769,1.949,0.192489,1.05658,0.291
qa3136,2.24,1.33898e-15,2.24,2.24,2.24,2.24,0.619823,0.428688,0.0742,1.93,0.191135,1.04851,0.31
qa3137,2.24,1.33898e-15,2.24,2.24,2.24,2.24,0.611421,0.425062,0.0693,1.931,0.186359,1.03648,0.309
qa3138,2.124,4.46326e-16,2.124,2.124,2.124,2.124,0.60704,0.42203,0.0609,1.928,0.18501,1.02907,0.196
qa3139,2.124,4.46326e-16,2.124,2.124,2.124,2.124,0.598732,0.417074,0.0658,1.893,0.181658,1.01581,0.231
qa3140,2.124,4.46326e-16,2.124,2.124,2.124,2.124,0.592596,0.414477,0.0584,1.885,0.178119,1.00707,0.239
qa3141,2.124,4.46326e-16,2.124,2.124,2.124,2.124,0.589754,0.412254,0.0572,1.892,0.1775,1.00201,0.232
qa3142,2.124,4.46326e-16,2.124,2.124,2.124,2.124,0.581789,0.408109,0.0514,1.884,0.17368,0.989898,0.24
qa3143,2.018,4.46326e-16,2.018,2.018,2.018,2.018,0.578666,0.407211,0.0572,1.891,0.171455,0.985877,0.127
qa3144,2.018,4.46326e-16,2.018,2.018,2.018,2.018,0.574037,0.401764,0.0518,1.865,0.172273,0.975801,0.153
qa3145,2.018,4.46326e-16,2.018,2.018,2.018,2.018,0.571136,0.400656,0.0522,1.849,0.17048,0.971792,0.169
qa3146,2.018,4.46326e-16,2.018,2.018,2.018,2.018,0.565139,0.396259,0.0475,1.832,0.16888,0.961398,0.186
qa3147,2.018,4.46326e-16,2.018,2.018,2.018,2.018,0.561174,0.395033,0.0465,1.853,0.166141,0.956207,0.165
qa3148,2.018,4.46326e-16,2.018,2.018,2.018,2.018,0.55637,0.393239,0.043,1.83,0.163131,0.949609,0.188
qa3149,2.018,4.46326e-16,2.018,2.018,2.018,2.018,0.552106,0.391367,0.0406,1.851,0.160739,0.943473,0.167
qa3150,2.018,4.46326e-16,2.018,2.018,2.018,2.018,0.548478,0.387918,0.0446,1.814,0.16056,0.936396,0.204
qa3151,2.018,4.46326e-16,2.018,2.018,2.018,2.018,0.543012,0.385742,0.0433,1.818,0.15727,0.928754,0.2
qa3152,2.018,4.46326e-16,2.018,2.018,2.018,2.018,0.539962,0.383597,0.0475,1.798,0.156365,0.923559,0.22
qa3153,2.018,4.46326e-16,2.018,2.018,2.018,2.018,0.537963,0.381345,0.0442,1.806,0.156618,0.919308,0.212
qa3154,1.911,6.6949e-16,1.911,1.911,1.911,1.911,0.533937,0.37791,0.0417,1.786,0.156027,0.911847,0.125
qa3155,1.911,6.6949e-16,1.911,1.911,1.911,1.911,0.530613,0.376108,0.0399,1.771,0.154505,0.906721,0.14
qa3156,1.911,6.6949e-16,1.911,1.911,1.911,1.911,0.526269,0.37469,0.0385,1.777,0.151579,0.900959,0.134
qa3157,1.911,6.6949e-16,1.911,1.911,1.911,1.911,0.521725,0.372118,0.0367,1.756,0.149607,0.893843,0.155
qa3158,1.814,0,1.814,1.814,1.814,1.814,0.517797,0.36934,0.0453,1.748,0.148457,0.887137,0.066
qa3159,1.814,0,1.814,1.814,1.814,1.814,0.513588,0.367423,0.0425,1.751,0.146165,0.881011,0.063
qa3160,1.814,0,1.814,1.814,1.814,1.814,0.509779,0.366179,0.0399,1.738,0.1436,0.875958,0.076
qa3161,1.814,0,1.814,1.814,1.814,1.814,0.50575,0.364049,0.038,1.735,0.141701,0.869799,0.079
qa3162,1.814,0,1.814,1.814,1.814,1.814,0.502193,0.363694,0.0338,1.743,0.138499,0.865887,0.071
qa3163,1.814,0,1.814,1.814,1.814,1.814,0.499255,0.359807,0.0314,1.735,0.139448,0.859062,0.079
qa3168,1.716,4.46326e-16,1.716,1.716,1.716,1.716,0.526853,0.369567,0.0262,1.715,0.157286,0.89642,0.001
qa3169,1.716,4.46326e-16,1.716,1.716,1.716,1.716,0.512455,0.355657,0.0269,1.693,0.156798,0.868112,0.023
qa3170,1.716,4.46326e-16,1.716,1.716,1.716,1.716,0.504142,0.348934,0.0269,1.69,0.155208,0.853076,0.026
qa3171,1.716,4.46326e-16,1.716,1.716,1.716,1.716,0.495468,0.345853,0.0267,1.668,0.149615,0.841321,0.048
qa3172,1.716,4.46326e-16,1.716,1.716,1.716,1.716,0.489981,0.343348,0.0295,1.678,0.146633,0.833329,0.038
qa3173,1.716,4.46326e-16,1.716,1.716,1.716,1.716,0.484659,0.341216,0.0335,1.661,0.143443,0.825875,0.055
qa3174,1.814,0,1.814,1.814,1.814,1.814,0.506501,0.345187,0.0248,1.647,0.161314,0.851688,0.167
qa3175,1.814,0,1.814,1.814,1.814,1.814,0.494008,0.339101,0.0244,1.651,0.154907,0.833109,0.163
qa3176,1.814,0,1.814,1.814,1.814,1.814,0.484975,0.336716,0.0254,1.655,0.148259,0.821691,0.159
qa3177,1.814,0,1.814,1.814,1.814,1.814,0.478634,0.334421,0.0255,1.633,0.144213,0.813055,0.181
qa3178,1.814,0,1.814,1.814,1.814,1.814,0.474517,0.334257,0.026,1.636,0.14026,0.808774,0.178
qa3179,1.814,0,1.814,1.814,1.814,1.814,0.470472,0.333064,0.026,1.629,0.137408,0.803536,0.185
qa3180,1.716,4.46326e-16,1.716,1.716,1.716,1.716,0.46648,0.330079,0.0253,1.636,0.136401,0.796559,0.08
qa3181,1.716,4.46326e-16,1.716,1.716,1.716,1.716,0.463036,0.326093,0.0246,1.606,0.136943,0.789129,0.11
qa3182,1.627,2.23163e-16,1.627,1.627,1.627,1.627,0.46124,0.32491,0.0253,1.612,0.13633,0.78615,0.015
qa3184,1.627,2.23163e-16,1.627,1.627,1.627,1.627,0.453626,0.321854,0.0258,1.592,0.131772,0.77548,0.035
qa3185,1.627,2.23163e-16,1.627,1.627,1.627,1.627,0.46414,0.319683,0.0238,1.581,0.144457,0.783823,0.046
qh2076,1.792,8.92653e-16,1.792,1.792,1.792,1.792,0.586044,0.371486,0.0084,1.78,0.214558,0.95753,0.012
qh2077,1.792,8.92653e-16,1.792,1.792,1.792,1.792,0.581373,0.369807,0.0084,1.784,0.211566,0.95118,0.008
qh2078,1.792,8.92653e-16,1.792,1.792,1.792,1.792,0.575456,0.366557,0.0083,1.778,0.208899,0.942013,0.014
qh2079,1.792,8.92653e-16,1.792,1.792,1.792,1.792,0.572102,0.365822,0.0082,1.762,0.20628,0.937924,0.03
qh2080,1.792,8.92653e-16,1.792,1.792,1.792,1.792,0.564196,0.367775,0.0081,1.764,0.196421,0.931971,0.028
qh2081,1.792,8.92653e-16,1.792,1.792,1.792,1.792,0.560327,0.366841,0.0081,1.772,0.193486,0.927168,0.02
qh2082,1.792,8.92653e-16,1.792,1.792,1.792,1.792,0.557732,0.364572,0.008,1.752,0.19316,0.922304,0.04
qh2083,1.792,8.92653e-16,1.792,1.792,1.792,1.792,0.553612,0.363907,0.0079,1.76,0.189705,0.917519,0.032
qh2084,1.792,8.92653e-16,1.792,1.792,1.792,1.792,0.552119,0.363116,0.0078,1.741,0.189003,0.915235,0.051
qh2085,1.792,8.92653e-16,1.792,1.792,1.792,1.792,0.548677,0.360975,0.0078,1.743,0.187702,0.909652,0.049
qh2086,1.792,8.92653e-16,1.792,1.792,1.792,1.792,0.546038,0.359169,0.0077,1.729,0.186869,0.905207,0.063
qh2087,1.792,8.92653e-16,1.792,1.792,1.792,1.792,0.544695,0.357705,0.0077,1.726,0.18699,0.9024,0.066
qh2088,1.792,8.92653e-16,1.792,1.792,1.792,1.792,0.540853,0.355011,0.0076,1.729,0.185842,0.895864,0.063
qh2089,2.703,1.33898e-15,2.703,2.703,2.703,2.703,0.537474,0.353862,0.0075,1.718,0.183612,0.891336,0.985
qh2090,2.02,1.33898e-15,2.02,2.02,2.02,2.02,0.534878,0.352616,0.0075,1.704,0.182262,0.887494,0.316
qh2091,2.02,1.33898e-15,2.02,2.02,2.02,2.02,0.530569,0.35117,0.0074,1.71,0.179399,0.881739,0.31
qh2092,2.02,1.33898e-15,2.02,2.02,2.02,2.02,0.528623,0.347697,0.0076,1.698,0.180926,0.87632,0.322
qh2093,2.02,1.33898e-15,2.02,2.02,2.02,2.02,0.52481,0.347907,0.0073,1.687,0.176903,0.872717,0.333
qh2094,2.02,1.33898e-15,2.02,2.02,2.02,2.02,0.523391,0.347177,0.0073,1.698,0.176214,0.870568,0.322
qh2095,1.792,8.92653e-16,1.792,1.792,1.792,1.792,0.520043,0.345565,0.0072,1.681,0.174478,0.865608,0.111
qh2096,1.792,8.92653e-16,1.792,1.792,1.792,1.792,0.517472,0.343801,0.0072,1.671,0.173671,0.861273,0.121
qh2097,1.792,8.92653e-16,1.792,1.792,1.792,1.792,0.51628,0.343931,0.0071,1.676,0.172349,0.860211,0.116
qh2098,1.792,8.92653e-16,1.792,1.792,1.792,1.792,0.514059,0.34182,0.0071,1.666,0.172239,0.855879,0.126
qh2099,1.792,8.92653e-16,1.792,1.792,1.792,1.792,0.510451,0.340177,0.007,1.665,0.170274,0.850628,0.127
qh2100,1.881,0,1.881,1.881,1.881,1.881,0.508814,0.339527,0.007,1.667,0.169287,0.848341,0.214
qh2101,1.881,0,1.881,1.881,1.881,1.881,0.506319,0.338541,0.0069,1.666,0.167778,0.84486,0.215
qh2102,1.881,0,1.881,1.881,1.881,1.881,0.50397,0.335947,0.0069,1.65,0.168023,0.839917,0.231
qh2103,1.881,0,1.881,1.881,1.881,1.881,0.503101,0.336561,0.0069,1.663,0.16654,0.839662,0.218
qh2104,1.743,0,1.743,1.743,1.743,1.743,0.499387,0.333527,0.0068,1.646,0.16586,0.832914,0.097
qh2105,1.743,0,1.743,1.743,1.743,1.743,0.496618,0.331767,0.0068,1.633,0.164851,0.828385,0.11
qh2106,1.743,0,1.743,1.743,1.743,1.743,0.496481,0.331252,0.0067,1.634,0.165229,0.827733,0.109
qh2107,1.743,0,1.743,1.743,1.743,1.743,0.494817,0.332022,0.0067,1.653,0.162795,0.826839,0.09
qh2108,1.743,0,1.743,1.743,1.743,1.743,0.491989,0.330311,0.0067,1.635,0.161678,0.8223,0.108
qh2109,1.743,0,1.743,1.743,1.743,1.743,0.489506,0.328676,0.0067,1.63,0.16083,0.818182,0.113
qh2110,1.881,0,1.881,1.881,1.881,1.881,0.48736,0.327964,0.0066,1.635,0.159396,0.815324,0.246
qh2111,1.743,0,1.743,1.743,1.743,1.743,0.485351,0.326814,0.0066,1.613,0.158537,0.812165,0.13
qh2112,1.743,0,1.743,1.743,1.743,1.743,0.482591,0.326356,0.0066,1.623,0.156235,0.808947,0.12
qh2113,1.743,0,1.743,1.743,1.743,1.743,0.480523,0.325574,0.0065,1.607,0.154949,0.806097,0.136
qh2114,1.743,0,1.743,1.743,1.743,1.743,0.478133,0.324876,0.0065,1.61,0.153257,0.803009,0.133
qh2115,1.743,0,1.743,1.743,1.743,1.743,0.475551,0.322565,0.0065,1.597,0.152986,0.798116,0.146
qh2116,1.604,6.6949e-16,1.604,1.604,1.604,1.604,0.473392,0.320633,0.0064,1.586,0.152759,0.794025,0.018
qh2117,1.604,6.6949e-16,1.604,1.604,1.604,1.604,0.471942,0.318624,0.0064,1.578,0.153318,0.790566,0.026
qh2118,1.604,6.6949e-16,1.604,1.604,1.604,1.604,0.470638,0.318797,0.0064,1.569,0.151841,0.789435,0.035
qh2119,1.881,0,1.881,1.881,1.881,1.881,0.467585,0.316524,0.0064,1.578,0.151061,0.784109,0.303
qh2120,1.743,0,1.743,1.743,1.743,1.743,0.46634,0.31532,0.0064,1.568,0.15102,0.78166,0.175
qh2121,1.604,6.6949e-16,1.604,1.604,1.604,1.604,0.466159,0.314419,0.0063,1.561,0.15174,0.780578,0.043
qh2122,1.604,6.6949e-16,1.604,1.604,1.604,1.604,0.467041,0.313345,0.0068,1.576,0.153696,0.780386,0.028
qh2195,1.604,6.6949e-16,1.604,1.604,1.604,1.604,0.693289,0.324064,0.0545,1.586,0.369225,1.01735,0.018
qh2220,1.466,4.46326e-16,1.466,1.466,1.466,1.466,0.662987,0.278282,0.0436,1.46,0.384705,0.941269,0.006
qh2221,1.466,4.46326e-16,1.466,1.466,1.466,1.466,0.648952,0.275753,0.042,1.46,0.373199,0.924705,0.006
qh2222,1.466,4.46326e-16,1.466,1.466,1.466,1.466,0.636291,0.274238,0.0406,1.449,0.362053,0.910529,0.017
qh2223,1.466,4.46326e-16,1.466,1.466,1.466,1.466,0.626153,0.273692,0.0392,1.424,0.352461,0.899845,0.042
qh2224,1.466,4.46326e-16,1.466,1.466,1.466,1.466,0.616814,0.272851,0.0381,1.429,0.343963,0.889665,0.037
qh2225,1.466,4.46326e-16,1.466,1.466,1.466,1.466,0.607707,0.269884,0.0375,1.426,0.337823,0.877591,0.04
qh2271,1.225,4.46326e-16,1.225,1.225,1.225,1.225,0.52166,0.234729,0.0934,1.223,0.286931,0.756389,0.002
qh2272,1.225,4.46326e-16,1.225,1.225,1.225,1.225,0.519815,0.231694,0.0961,1.213,0.288121,0.751509,0.012
qh2278,1.225,4.46326e-16,1.225,1.225,1.225,1.225,0.524723,0.232749,0.0868,1.197,0.291974,0.757472,0.028
qh2279,1.225,4.46326e-16,1.225,1.225,1.225,1.225,0.515969,0.227274,0.0785,1.188,0.288695,0.743243,0.037
qh2280,1.225,4.46326e-16,1.225,1.225,1.225,1.225,0.507685,0.223867,0.083,1.178,0.283818,0.731552,0.047
qh2281,1.225,4.46326e-16,1.225,1.225,1.225,1.225,0.501475,0.222682,0.0744,1.171,0.278793,0.724157,0.054
qh2282,1.225,4.46326e-16,1.225,1.225,1.225,1.225,0.496046,0.22299,0.0804,1.174,0.273056,0.719036,0.051
qh2283,1.225,4.46326e-16,1.225,1.225,1.225,1.225,0.491598,0.221186,0.0783,1.181,0.270412,0.712784,0.044
qh2384,1.124,4.46326e-16,1.124,1.124,1.124,1.124,0.475245,0.23918,0.001,1.117,0.236065,0.714425,0.007
qh2385,1.124,4.46326e-16,1.124,1.124,1.124,1.124,0.468257,0.236189,0.001,1.104,0.232068,0.704446,0.02
qh2386,1.124,4.46326e-16,1.124,1.124,1.124,1.124,0.462883,0.235339,0.0011,1.095,0.227544,0.698222,0.029
qh2387,1.124,4.46326e-16,1.124,1.124,1.124,1.124,0.4565,0.234575,0.0011,1.1,0.221925,0.691075,0.024
qh2388,1.124,4.46326e-16,1.124,1.124,1.124,1.124,0.451489,0.234512,0.0011,1.097,0.216977,0.686001,0.027
qh2389,1.124,4.46326e-16,1.124,1.124,1.124,1.124,0.445943,0.232782,0.0011,1.098,0.213161,0.678725,0.026
qh2390,1.124,4.46326e-16,1.124,1.124,1.124,1.124,0.440786,0.232797,0.0012,1.091,0.207989,0.673583,0.033
qh2391,1.124,4.46326e-16,1.124,1.124,1.124,1.124,0.435884,0.231587,0.0012,1.081,0.204297,0.667471,0.043
qh2392,1.124,4.46326e-16,1.124,1.124,1.124,1.124,0.432471,0.230729,0.0012,1.072,0.201742,0.6632,0.052
qh2393,1.124,4.46326e-16,1.124,1.124,1.124,1.124,0.428107,0.229975,0.0012,1.086,0.198132,0.658082,0.038
qh2394,1.124,4.46326e-16,1.124,1.124,1.124,1.124,0.424172,0.228832,0.0013,1.069,0.19534,0.653004,0.055
qh2395,1.124,4.46326e-16,1.124,1.124,1.124,1.124,0.420563,0.228335,0.0013,1.069,0.192228,0.648898,0.055
qh2396,1.124,4.46326e-16,1.124,1.124,1.124,1.124,0.416539,0.227894,0.0013,1.07,0.188645,0.644433,0.054
qh2397,1.124,4.46326e-16,1.124,1.124,1.124,1.124,0.41294,0.22684,0.0013,1.074,0.1861,0.63978,0.05
qh2398,1.124,4.46326e-16,1.124,1.124,1.124,1.124,0.41079,0.225619,0.0014,1.059,0.185171,0.636409,0.065
qh2399,1.124,4.46326e-16,1.124,1.124,1.124,1.124,0.408255,0.225607,0.0014,1.067,0.182648,0.633862,0.057
qh2400,1.124,4.46326e-16,1.124,1.124,1.124,1.124,0.427289,0.231247,0.0021,1.066,0.196042,0.658536,0.058
qh2401,1.124,4.46326e-16,1.124,1.124,1.124,1.124,0.424837,0.232628,0.0014,1.061,0.192209,0.657465,0.063
qh2402,1.124,4.46326e-16,1.124,1.124,1.124,1.124,0.422027,0.232251,0.0015,1.063,0.189776,0.654278,0.061
qh2403,1.124,4.46326e-16,1.124,1.124,1.124,1.124,0.414474,0.227594,0.0015,1.049,0.18688,0.642068,0.075
qh2404,1.124,4.46326e-16,1.124,1.124,1.124,1.124,0.408381,0.225487,0.0015,1.038,0.182894,0.633868,0.086
qh2405,1.124,4.46326e-16,1.124,1.124,1.124,1.124,0.400626,0.222445,0.0015,1.043,0.178181,0.623071,0.081
qh2406,1.073,2.23163e-16,1.073,1.073,1.073,1.073,0.393931,0.220325,0.0016,1.033,0.173606,0.614256,0.04
qh2407,1.073,2.23163e-16,1.073,1.073,1.073,1.073,0.389045,0.221039,0.0016,1.032,0.168006,0.610084,0.041
qh2408,1.073,2.23163e-16,1.073,1.073,1.073,1.073,0.385464,0.220263,0.0016,1.036,0.165201,0.605727,0.037
qh2409,1.073,2.23163e-16,1.073,1.073,1.073,1.073,0.381979,0.219994,0.0017,1.029,0.161985,0.601973,0.044
qh2410,1.073,2.23163e-16,1.073,1.073,1.073,1.073,0.380023,0.220321,0.0017,1.023,0.159702,0.600344,0.05
qh2411,1.073,2.23163e-16,1.073,1.073,1.073,1.073,0.377841,0.220455,0.0017,1.017,0.157386,0.598296,0.056
qh2412,1.073,2.23163e-16,1.073,1.073,1.073,1.073,0.374464,0.219042,0.0018,1.019,0.155422,0.593506,0.054
qh2413,1.073,2.23163e-16,1.073,1.073,1.073,1.073,0.371553,0.218599,0.0018,1.024,0.152954,0.590152,0.049
qh2414,1.073,2.23163e-16,1.073,1.073,1.073,1.073,0.368711,0.217921,0.0018,1.013,0.15079,0.586632,0.06
qh2415,1.073,2.23163e-16,1.073,1.073,1.073,1.073,0.367196,0.217488,0.0018,1.006,0.149708,0.584684,0.067
qh2416,1.073,2.23163e-16,1.073,1.073,1.073,1.073,0.364703,0.215937,0.0019,1.013,0.148766,0.58064,0.06
qh2417,1.073,2.23163e-16,1.073,1.073,1.073,1.073,0.361314,0.214879,0.0019,1.003,0.146435,0.576193,0.07
qh2418,1.073,2.23163e-16,1.073,1.073,1.073,1.073,0.359638,0.213938,0.0019,0.996,0.1457,0.573576,0.077
qh2419,1.073,2.23163e-16,1.073,1.073,1.073,1.073,0.356008,0.212873,0.002,0.9899,0.143135,0.568881,0.0831
qh2420,1.073,2.23163e-16,1.073,1.073,1.073,1.073,0.354356,0.21201,0.002,0.9869,0.142346,0.566366,0.0861
qh2421,1.073,2.23163e-16,1.073,1.073,1.073,1.073,0.348812,0.213176,0.002,0.9818,0.135636,0.561988,0.0912
qh2422,1.073,2.23163e-16,1.073,1.073,1.073,1.073,0.356889,0.212036,0.0029,0.9768,0.144853,0.568925,0.0962
qh2423,1.073,2.23163e-16,1.073,1.073,1.073,1.073,0.352313,0.21067,0.0021,0.9751,0.141643,0.562983,0.0979
qh2424,1.073,2.23163e-16,1.073,1.073,1.073,1.073,0.34842,0.209411,0.0021,0.9857,0.139009,0.557831,0.0873
qh2425,1.073,2.23163e-16,1.073,1.073,1.073,1.073,0.344694,0.207468,0.0021,0.9791,0.137226,0.552162,0.0939
qh2426,1.073,2.23163e-16,1.073,1.073,1.073,1.073,0.341886,0.208108,0.0022,0.9814,0.133778,0.549994,0.0916
qh2427,1.073,2.23163e-16,1.073,1.073,1.073,1.073,0.338093,0.210119,0.0022,0.9935,0.127974,0.548212,0.0795
qh2428,1.073,2.23163e-16,1.073,1.073,1.073,1.073,0.336272,0.209158,0.0022,0.981,0.127114,0.54543,0.092
qh2429,1.073,2.23163e-16,1.073,1.073,1.073,1.073,0.333324,0.208193,0.0023,0.9726,0.125131,0.541517,0.1004
qh2430,1.073,2.23163e-16,1.073,1.073,1.073,1.073,0.331672,0.208743,0.0023,0.9796,0.122929,0.540415,0.0934
qh2431,1.073,2.23163e-16,1.073,1.073,1.073,1.073,0.330542,0.207942,0.0023,0.9784,0.1226,0.538484,0.0946
qh2432,1.073,2.23163e-16,1.073,1.073,1.073,1.073,0.328589,0.206502,0.0024,0.9797,0.122087,0.535091,0.0933
qh2433,1.073,2.23163e-16,1.073,1.073,1.073,1.073,0.326535,0.205792,0.0024,0.9704,0.120743,0.532327,0.1026
qh2434,1.073,2.23163e-16,1.073,1.073,1.073,1.073,0.325734,0.205789,0.0024,0.9642,0.119945,0.531523,0.1088
qh2435,1.073,2.23163e-16,1.073,1.073,1.073,1.073,0.324548,0.205176,0.0025,0.9674,0.119372,0.529724,0.1056
qh2436,1.073,2.23163e-16,1.073,1.073,1.073,1.073,0.323137,0.204269,0.0025,0.9721,0.118868,0.527406,0.1009
qh2437,1.073,2.23163e-16,1.073,1.073,1.073,1.073,0.320822,0.202935,0.0025,0.9632,0.117887,0.523757,0.1098
qh2438,1.073,2.23163e-16,1.073,1.073,1.073,1.073,0.318535,0.203032,0.0026,0.9558,0.115503,0.521567,0.1172
qh2439,1.073,2.23163e-16,1.073,1.073,1.073,1.073,0.317503,0.202663,0.0026,0.9511,0.11484,0.520166,0.1219
qh2440,1.073,2.23163e-16,1.073,1.073,1.073,1.073,0.316054,0.202779,0.0016,0.9584,0.113275,0.518833,0.1146
qh2441,1.073,2.23163e-16,1.073,1.073,1.073,1.073,0.314243,0.20259,0.0017,0.9515,0.111653,0.516833,0.1215
qh2442,1.073,2.23163e-16,1.073,1.073,1.073,1.073,0.314163,0.201676,0.0019,0.946,0.112487,0.515839,0.127
qh2443,1.073,2.23163e-16,1.073,1.073,1.073,1.073,0.312941,0.200803,0.002,0.9424,0.112138,0.513744,0.1306
qh2444,1.073,2.23163e-16,1.073,1.073,1.073,1.073,0.312141,0.200541,0.0022,0.9388,0.1116,0.512682,0.1342
qh2445,1.073,2.23163e-16,1.073,1.073,1.073,1.073,0.310898,0.198956,0.0023,0.9354,0.111942,0.509854,0.1376
qh2446,1.073,2.23163e-16,1.073,1.073,1.073,1.073,0.309989,0.198291,0.0025,0.9304,0.111698,0.50828,0.1426
qh2447,1.073,2.23163e-16,1.073,1.073,1.073,1.073,0.30843,0.197428,0.0027,0.9268,0.111002,0.505858,0.1462
qh2448,1.073,2.23163e-16,1.073,1.073,1.073,1.073,0.307436,0.197461,0.0029,0.9249,0.109975,0.504897,0.1481
qh2449,1.073,2.23163e-16,1.073,1.073,1.073,1.073,0.305275,0.196501,0.003,0.9214,0.108774,0.501776,0.1516
qh2450,1.073,2.23163e-16,1.073,1.073,1.073,1.073,0.302634,0.194649,0.003,0.9187,0.107985,0.497283,0.1543
qh2451,1.073,2.23163e-16,1.073,1.073,1.073,1.073,0.302217,0.195502,0.003,0.9286,0.106715,0.497719,0.1444
qh2452,1.073,2.23163e-16,1.073,1.073,1.073,1.073,0.299943,0.194531,0.0031,0.9304,0.105412,0.494474,0.1426
qh2453,1.073,2.23163e-16,1.073,1.073,1.073,1.073,0.298703,0.194027,0.0031,0.9237,0.104676,0.49273,0.1493
qh2454,1.073,2.23163e-16,1.073,1.073,1.073,1.073,0.297669,0.191637,0.0031,0.9196,0.106032,0.489306,0.1534
qh2455,1.073,2.23163e-16,1.073,1.073,1.073,1.073,0.297078,0.192752,0.0032,0.9191,0.104326,0.48983,0.1539
qh2456,1.073,2.23163e-16,1.073,1.073,1.073,1.073,0.296074,0.192617,0.0032,0.9167,0.103457,0.488691,0.1563
qh2457,1.073,2.23163e-16,1.073,1.073,1.073,1.073,0.294781,0.192786,0.0033,0.9252,0.101995,0.487567,0.1478
qh2458,1.073,2.23163e-16,1.073,1.073,1.073,1.073,0.307839,0.195167,0.0048,0.9202,0.112672,0.503006,0.1528
qh2459,1.073,2.23163e-16,1.073,1.073,1.073,1.073,0.303355,0.191524,0.0034,0.9239,0.111831,0.494879,0.1491
qh2963,36.436,7.14122e-15,36.436,36.436,36.436,36.436,16.0679,5.68362,5.854,35.74,10.3842,21.7515,0.696
hs79,1130.84,4.57038e-13,1130.84,1130.84,1130.84,1130.84,1152.38,21.6464,1130.85,1231.8,1130.74,1174.03,0.009442
hs80,1130.12,4.57038e-13,1130.12,1130.12,1130.12,1130.12,1152.21,21.6289,1130.8,1232.59,1130.58,1173.84,0.677532
hs81,1129.51,6.85557e-13,1129.51,1129.51,1129.51,1129.51,1152.04,21.61,1130.75,1233.31,1130.43,1173.65,1.2376
hs82,1129.16,4.57038e-13,1129.16,1129.16,1129.16,1129.16,1151.86,21.5867,1130.7,1233.97,1130.28,1173.45,1.53778
hs83,1129.46,6.85557e-13,1129.46,1129.46,1129.46,1129.46,1151.69,21.5618,1130.64,1234.57,1130.13,1173.25,1.1878
hs84,1129.72,6.85557e-13,1129.72,1129.72,1129.72,1129.72,1151.53,21.5358,1130.6,1235.12,1129.99,1173.06,0.883323
