iteration,total_runs,obs_realization,par_realization,streamflowa,streamflowb,streamflowc,streamflowd,streamflowe,gwhead
0,100,0,0,55131.3,19786.6,20336.4,14860,5093.62,100190
0,100,1,1,86020.4,36304,34501.4,27664.5,12685.7,19477.1
0,100,2,2,59688.5,80256.6,237641,301385,222046,5131.37
0,100,3,3,94805.3,13718.3,23032.2,30338.8,8233.08,8763.37
0,100,4,4,103624,48277,53120.4,46798.3,83560,3611.64
0,100,5,5,64890.3,53215.4,48840.4,36971.6,14359.5,8717.08
0,100,6,6,72479.6,11183.2,16190.3,9387.68,8658.94,43453.6
0,100,7,7,65278.4,20258.3,25060.9,29841.2,12525.7,8970.77
0,100,8,8,113053,22724.4,34780.5,45759,17174.4,4288.1
0,100,9,9,43740.1,56341.2,54461.7,38220.7,22675.1,168156
0,100,10,10,58784.6,15044.6,16048,13976.9,3734.63,31864.7
0,100,11,11,52802.8,118421,132933,168455,198240,23537.5
0,100,12,12,72098.9,65036.9,87845.1,58951.8,111177,9258.58
0,100,13,13,109089,141364,114166,83003.7,38331.8,9708.27
0,100,14,14,54352.3,82597,104613,48486.1,60724.7,876144
0,100,15,15,51479.9,74937.5,72147,64562,90436.7,134327
0,100,16,16,41895.5,51024.3,51510.2,38791,13644.1,15710.2
0,100,17,17,104625,18936.2,30620.8,20688.2,37440.6,14835.7
0,100,18,18,53728,95581.8,80313.4,65062.1,114920,17254.4
0,100,19,19,74188,21245.3,25723.8,25074.6,37035.3,10222.5
0,100,20,20,42127.8,86573.8,72332.5,60331.8,34642.4,19979.8
0,100,21,21,55879,57837.2,56222.2,53407.4,44521,7731.33
0,100,22,22,99499.9,28319.2,30083.2,17965.1,8878.39,9413.09
0,100,23,23,90153,39399.4,55306.3,33935.9,47340.9,21100
0,100,24,24,42991.5,121761,105063,88030.1,91056.8,5599.88
0,100,25,25,68365.8,22648,25173.7,17209.4,19130.6,8147.91
0,100,26,26,44543.7,62104.2,55150.9,32827.9,24811.6,4879.24
0,100,27,27,37381.8,49322.7,69414.8,97240.2,34379.9,461899
0,100,28,28,51993.3,34508.6,37659.4,20089.9,15641,14156.5
0,100,29,29,66836,15335,25074.7,32079.8,10296.2,8274.54
0,100,30,30,56837.7,144644,222383,355479,255238,4392.12
0,100,31,31,57778.7,92599.3,83304.9,54336,70179.7,603360
0,100,32,32,61425.2,148058,127299,171652,270799,60485.6
0,100,33,33,51830.9,86267.3,82533.7,53254.2,42986.2,32500.4
0,100,34,34,157964,14182.8,13837.8,11981.3,16995.7,12779.7
0,100,35,35,65533.4,13372.7,16219.2,11392.8,14309.8,12807.7
0,100,36,36,45365.7,65401.1,59270.3,44228.6,15602.9,7016.41
0,100,37,37,85405.9,10089.3,12850.4,9802.05,3669.3,20015.9
0,100,38,38,41254.9,51193.7,43914.2,33239.5,44230.5,196348
0,100,39,39,64993.1,15669.8,12416.3,8968.37,9205.93,6051.92
0,100,40,40,41442.6,34177.6,31550.6,19190.6,11826.4,15693
0,100,41,41,51074.4,56703.3,64908.6,45426.8,25470.5,5491.06
0,100,42,42,82073.7,27419.9,38157.3,43930.2,18319.4,68859.5
0,100,43,43,83623.5,337911,266622,603954,585001,10250.1
0,100,44,44,49379,46601.2,51339.6,44675.7,72533.3,1803.25
0,100,45,45,75376.1,207590,151584,102091,113098,12707.3
0,100,46,46,58793.9,77122.3,67943.9,37067.5,47733.9,18799
0,100,47,47,79662.6,251977,171434,192892,184943,9071.46
0,100,48,48,57418.3,33449.2,35850.7,30288.1,8647.33,4258.79
0,100,49,49,60318.9,78102.3,61951.8,45591.8,31527,3720.37
0,100,50,50,50951.2,67924.6,66802,52990.8,34732.4,66769.5
0,100,51,51,44921.9,49994.4,51987.9,42255,14947.2,15598.7
0,100,52,52,49318,134408,131339,80560.9,68114.4,94458.9
0,100,53,53,65407.5,93943.4,82598.7,95147.5,71602.5,165227
0,100,54,54,34591.1,33006.1,33180.4,26037.9,11981.6,136904
0,100,55,55,59822.9,169824,112515,145547,162200,9021.48
0,100,56,56,56401.5,28314.1,24154.1,13081.2,10877.2,7634.2
0,100,57,57,45621,53410.8,52276.9,44229.9,27804.2,56825.1
0,100,58,58,54355.4,41265.5,39837.5,23372.1,19268,22813.7
0,100,59,59,52008.9,59860.1,49804,33503.2,25759.8,141628
0,100,60,60,115280,34429.5,46759.7,49616,14789.3,14492.1
0,100,61,61,80767.1,30520,31236.1,23551.3,8101.32,7903.19
0,100,62,62,131831,212083,170178,61228,64393,15250.7
0,100,63,63,78433.8,27693.1,40005.6,22437.3,31754.1,6985.96
0,100,64,64,65406.1,44306.5,52954,60418.3,20191.3,8993.03
0,100,65,65,106850,6433.74,10106.9,17598.6,6503.06,77960.2
0,100,66,66,71570.9,26681.5,34084.2,30438.8,47602.5,8018.94
0,100,67,67,41694.2,49027.9,61757.1,79330.7,34666.4,38457.5
0,100,68,68,37079.4,35518.9,36805.6,17973.5,17202.4,4762.45
0,100,69,69,70729.9,14513.2,19695.7,15698.6,4640,374243
0,100,70,70,80550.8,21655.5,27649.2,17338.8,20740.7,4598.39
0,100,71,71,82321.8,32679.9,35366.5,16385.1,5134.7,48681.4
0,100,72,72,96228.5,20385.5,19252.9,12936.3,17417.4,3400.91
0,100,73,73,51237.6,115996,84269.1,64175.7,69910.8,12807.9
0,100,74,74,97959.9,36560.2,40198.8,37120.6,11639,6303.17
0,100,75,75,72210.2,42396.8,55869.2,80405.9,70899.4,6084.4
0,100,76,76,50070.4,30596.3,32217.7,19150.9,18615.9,387191
0,100,77,77,70900.2,85131.6,178995,287009,274592,4600.54
0,100,78,78,86012.7,20076.9,24810.6,16530.4,30154.1,2964.25
0,100,79,79,49911.9,142264,110704,93010.8,102210,30966.4
0,100,80,80,57407.5,188829,151720,173965,298969,25075.6
0,100,81,81,61585.7,27244.3,24928.9,18054.7,6911.44,6858.49
0,100,82,82,78707.8,43568,55015.4,20684.2,14849.1,266138
0,100,83,83,45018.4,75354.7,90038.3,68748.8,46746.8,52511.3
0,100,84,84,67742.5,55962.9,52346.6,29778,34117.9,17938.5
0,100,85,85,72578.9,201405,148794,225630,301118,619998
0,100,86,86,55454.3,123433,103737,87146.9,125933,13884.6
0,100,87,87,54559.8,150648,110386,99945.8,103650,63893.4
0,100,88,88,45291.9,160674,158541,186452,299434,187390
0,100,89,89,98960.9,34281.8,64251.6,69986.4,59749.1,8992.88
0,100,90,90,90937.5,46024,54553.8,56460,19482.8,6330.11
0,100,91,91,65573.9,71961.1,68752.9,106145,145263,9778.1
0,100,92,92,73690.5,142766,185844,181380,334755,6844.24
0,100,93,93,122974,9829.25,14246.3,24516.1,13006.2,66458.5
0,100,94,94,67395.2,38572.3,38084.7,36683.8,13096.2,101299
0,100,95,95,68820.1,52019.3,56144.1,80662.5,105559,4538.29
0,100,96,96,58206.8,62316.2,54026.3,38401.5,30830.6,5891.66
0,100,97,97,51153.4,49996.4,57356.6,34881.6,48001,4869.01
0,100,98,98,75582.3,109288,102965,104940,162397,296274
0,100,base,base,53196.1,12691.7,14480,9981.07,6334.03,46639.2
1,280,0,0,57343.5,38084.3,45824.8,29799.4,15939.5,22255.7
1,280,1,1,42996,38239.1,37768.8,26488.5,7462.97,9577.78
1,280,2,2,48881.8,44316.8,46794.2,24937.8,18757.9,17529.4
1,280,3,3,66899.6,34105.4,43745.2,30383.2,9628.14,24063.7
1,280,4,4,71651.3,23810.6,25909,16916.1,5655.05,32008.3
1,280,5,5,51869.8,48789.7,46270.6,31978.1,16847.8,11026.6
1,280,6,6,55132.6,36400,39584.2,21491.3,13309.4,29237.1
1,280,7,7,62032.3,36177.8,47242.9,36139.3,16634.7,12215.9
1,280,8,8,77631.7,16902,26524.2,25606.4,6012.48,30458.2
1,280,9,9,60132.7,32543.3,38934.7,23595,9044.37,34867.9
1,280,10,10,53762,45987.1,51211.3,36709.3,14861.4,9457.17
1,280,11,11,66907.3,35516.1,44217.1,30353.9,8932.45,18766.9
1,280,12,12,61663.6,87552.6,104543,76424.6,151101,13094.8
1,280,13,13,51641.7,69489.1,69225.5,38799.8,42435,32358.5
1,280,14,14,55727.4,63850.5,61564.2,32895.2,30844.1,71823.2
1,280,15,15,52580.6,38019.2,46318.3,39222.8,11381.6,7961.67
1,280,16,16,41776.5,49663,49199.1,32079.4,15524.7,27256.8
1,280,17,17,77268.8,24433.4,31006.7,19507.8,11511.4,23227.3
1,280,18,18,51057.4,32195.7,42577.1,40137.7,12766.4,12091.2
1,280,19,19,66098.6,31150.7,39379.3,28024.2,11461.9,8799.09
1,280,20,20,52768.1,47177.6,48682.4,31789,20565,37308.8
1,280,21,21,56109.8,40273.3,45008.6,36515.9,10241,9854.41
1,280,22,22,85561.9,34360.2,44469,36342.3,7700.74,9490.67
1,280,23,23,74366.4,29691,35182.5,15355.6,13508,7965.84
1,280,24,24,54705.7,120374,111337,113540,194206,9413.31
1,280,25,25,68215.5,32299.4,41651.3,27299.4,10203.8,8108.03
1,280,26,26,45981.2,40396.4,44551.5,28817.4,10357,11749.8
1,280,27,27,49871.2,59950.5,57643.3,34747.1,30512.7,30509
1,280,28,28,57922.1,47047.4,51062.6,25798.7,20481.6,17427.1
1,280,29,29,56790,39487.3,47537.2,35326.6,19490.2,10705.8
1,280,30,30,44264.8,50885,47868.8,30876.2,12078.5,9868.25
1,280,31,31,56473.8,31490,38577.9,28759,8597.2,33192.6
1,280,32,32,68779.2,24878.4,33022.9,20967,13477.7,13312.9
1,280,33,33,60933.1,41574,54747.7,41935.9,17028.6,13414.9
1,280,34,34,98347.3,11268.5,11309.6,10604.5,2908.71,7861.16
1,280,35,35,54920.4,23300.6,29151.2,21574.1,6645.2,11571.1
1,280,36,36,47830.4,30117.2,30322.8,18897,9701.78,11386.2
1,280,37,37,50078.4,41186.4,45207.6,32988.6,14212.2,8161.31
1,280,38,38,59594,50521.4,55677.7,35070.1,16191.6,23393.8
1,280,39,39,60772.1,27796.5,32122.7,22763.4,5880.15,22169.9
1,280,40,40,54396.9,36596.9,41565.3,25171.6,10954.8,18493.1
1,280,41,41,58836,36363.7,46681.9,32305.8,18493.1,8368.71
1,280,42,42,72538.9,23199.3,35149.1,34051.7,11980.1,18346.1
1,280,43,43,48906.2,91580.1,87521.4,60942.4,96681.2,14212
1,280,44,44,47502.4,47299.1,50705,28373.5,24523.7,12919.9
1,280,45,45,50352.5,63745.3,62389.9,31427.9,41096.2,20298.2
1,280,46,46,55830.5,50450.1,50703.2,24022.9,20330,8775.91
1,280,47,47,51390,36357,40830.2,31757.3,10282.2,12743.2
1,280,48,48,67684.9,24461.9,32289.5,25999.2,10176.4,16295.7
1,280,49,49,50391.7,112434,102124,84622.7,140036,8891.62
1,280,50,50,56944,55607.6,54831.9,29464,11847.6,29953.4
1,280,51,51,58703.1,31081.8,37920.1,26298.2,10406.1,18179.4
1,280,52,52,54829.3,54814.4,57471.6,38681.4,26001.6,33635.8
1,280,53,53,42663,51704.2,49802.1,32390.6,15303.3,26784
1,280,54,54,54321.1,131057,109767,92695,137390,11507.1
1,280,55,55,58622.2,47602.2,53051.4,34747.5,22889.9,54963.8
1,280,56,56,62445.4,28486,34651.1,25188.9,8215.3,8997.58
1,280,57,57,61074.1,21916.4,28995.4,22654,6618.08,17955.8
1,280,58,58,57209.3,37860.9,47965.5,32341,18856.3,15637.2
1,280,59,59,54565,50797.3,49247.6,26669.9,22709.3,34249.1
1,280,60,60,69819.6,39905.6,50319.2,33039.1,16027.4,12437.6
1,280,61,61,75448.1,23270.1,33811,31416,8913.37,8125.9
1,280,62,62,55531.7,54976.8,53017.1,28568.4,10985.6,17211.5
1,280,63,63,56355.9,34351.6,43343.2,33979.3,9990.63,19018.4
1,280,64,64,59295.8,51269.9,58267.4,36365.2,24777.6,21974.9
1,280,65,65,70687,29967.2,41542.1,31503.6,16351.9,10927.5
1,280,66,66,64047.5,103663,109998,67126.3,135837,8463.3
1,280,67,67,59363.5,33032.2,39711.7,26587.4,10007.8,19728
1,280,68,68,52453.6,89103.2,75069.9,41612.6,33035.1,16555.1
1,280,69,69,66659.8,31738.4,41990.7,40792.4,11778.5,18915.7
1,280,70,70,64708.8,36584.5,43510.5,23137.9,21668,8585.91
1,280,71,71,68584.9,26448.5,31871,20885,6554.98,11134.6
1,280,72,72,67904.9,25361.4,32137.5,20841.6,9268.46,14778.1
1,280,73,73,55369.2,47937.1,51726.6,31746.2,15512.1,9657.91
1,280,74,74,54555.7,46574.3,48886.7,24999.3,24639.3,20972.3
1,280,75,75,51047.8,38110.1,38966.5,22567.9,12022.9,18377.5
1,280,76,76,59285.4,31714.9,42970.5,35007.1,14921.8,17507.2
1,280,77,77,53973.5,109779,104722,78983.7,144833,17722.5
1,280,78,78,62007.6,47254.2,52440.9,26725.1,15387.6,16123.4
1,280,79,79,57001,35153.9,46770.5,32784.5,10768.6,14996.2
1,280,80,80,47568.5,71892,65268.8,38160.6,36824.3,10937.7
1,280,81,81,55395.3,58689.3,54523.2,32645.2,12445.5,20357.4
1,280,82,82,69129.3,28439.5,36050.6,29682.6,7214.07,21567.1
1,280,83,83,51825,61703.8,56132.6,35147.7,10821.7,11191.3
1,280,84,84,75397.9,20896.8,32121.5,29681.3,8167.16,11595.3
1,280,85,85,65303.8,51768.8,60587.5,26687,25470.1,49793.6
1,280,86,86,65354,37092.6,42538.3,32319.6,8070.19,27458.1
1,280,87,87,50411.2,67179.4,67687,42983.8,38031.9,21230.3
1,280,88,88,52078.7,54754.3,58053.4,29584.2,34479,29985.8
1,280,89,89,38130.5,34749,36988.4,23043.4,10734.8,7550.51
1,280,90,90,42969.4,35997.6,46804.5,40786,14991.6,24882.4
1,280,91,91,64074.3,32848.8,42587.1,41864.2,12181.2,7493.14
1,280,92,92,62796.6,38997.5,45730.9,29730.6,13283.1,12979.5
1,280,93,93,71525.8,25570.1,37476.2,35482.4,12998.2,18185.8
1,280,94,94,49553.4,30022,39322.8,31193.4,10213.1,8420.97
1,280,95,95,56405.1,82371.1,80973.2,56682.2,89496.7,23528.3
1,280,96,96,43615.2,45028.4,47815,30483,20040.6,8066.95
1,280,97,97,51166.9,26266.5,32594.6,24527.1,9694.16,8337.25
1,280,98,98,76162.4,27570.7,34402.3,19708.5,10886.7,41709.2
1,280,base,base,57299.1,37168.3,41184.6,27832.1,10249.2,25855
2,460,0,0,62902.9,23534.2,25788.7,14674.6,18798.3,17999.2
2,460,1,1,53121.6,22459.4,26953.4,33369.6,29627.1,12793
2,460,2,2,54424,18826.9,18998.5,12353.9,12275,8297.02
2,460,3,3,65561.6,20922.7,26935.6,20236.1,6675.03,8044.71
2,460,4,4,71190.9,10642.3,13543.8,10558.3,17170,20180.4
2,460,5,5,64571.3,18575,17726.6,10874,10530.9,6179.34
2,460,6,6,65014.3,12988.2,12314,10553.9,10162.6,8067.13
2,460,7,7,58448.5,30350.9,33894.2,17595.6,12160.7,10348.5
2,460,8,8,62679.1,18851,24355.1,12381.3,7067.04,10631.8
2,460,9,9,66605.7,10537.5,12616.6,9433.8,12159.8,19611
2,460,10,10,57760.8,19674.1,20015.2,10665.4,14444,9630.93
2,460,11,11,60480.5,25646.1,26338.8,12159.4,12993.5,10276.7
2,460,12,12,60337.7,65466,65340.8,45619,84211.5,10086.7
2,460,13,13,58110,17985.7,18622.7,9434.01,12642.3,14487.2
2,460,14,14,60914.1,21031.8,25667.6,12941.8,8927.89,15351.6
2,460,15,15,64130.7,16142.5,19977.1,9364.53,10736.2,40323
2,460,16,16,50121,20600.8,19396.6,10455.1,9915.8,13807.3
2,460,17,17,70534.8,15908.6,19966.6,9172.91,12116.1,16757.6
2,460,18,18,57823,20107.9,20783.7,14266.9,6308.08,6357.79
2,460,19,19,72586.2,14274.6,13568.1,10887,12050.6,5140.61
2,460,20,20,53006.9,22586.4,21914.1,10552.1,6843.68,11671.1
2,460,21,21,55140.3,15469.1,15719.7,17205.2,10732.4,9213.15
2,460,22,22,66296.5,30403.5,37528.2,25688.2,9288.56,7788.83
2,460,23,23,66011.8,15690.6,17284.6,12294.3,20878.6,8276.04
2,460,24,24,67190,11817.3,13267.5,8900.81,9465.76,7019.35
2,460,25,25,72417.5,16109,16161.9,9901.7,11183.8,4245.14
2,460,26,26,57459.2,25712.6,29501.3,16037.2,11799.5,6586.74
2,460,27,27,56805.6,22185.7,24217.5,13710.2,7113.1,17044.6
2,460,28,28,56918.2,24276,27394.2,16924.5,13524.8,6127.81
2,460,29,29,68739.6,15628.2,17332.1,11213.3,8736.19,5619.79
2,460,30,30,56686.7,29158,33182.9,26438.8,31922.9,15652.5
2,460,31,31,55279.1,22900.8,29835.3,13501.2,12532.7,29453.2
2,460,32,32,70534.2,21794.2,24012.2,10460.9,15811.1,14970.8
2,460,33,33,56264.5,20723.8,21221.7,9982.75,7486.94,32250.5
2,460,34,34,79917.9,11270.6,14462.4,7334.77,11148.3,10987
2,460,35,35,59696.3,31613.6,36049.7,20659.2,31266.9,17561
2,460,36,36,52937.4,20178.3,20815.1,16531.3,11245,5544.83
2,460,37,37,60129.2,24204.7,29762.1,16274.1,16106.5,5930.11
2,460,38,38,68212.7,12795.5,12953.3,7714.52,3738.82,14603.4
2,460,39,39,64678.7,18710.7,20903.6,16932,18791.6,20210.9
2,460,40,40,61932.7,18305.3,19788.6,17370.6,17696.7,22746.3
2,460,41,41,56228.8,18436.2,22803.7,12740.2,7979.6,27859.3
2,460,42,42,60733.8,23096.7,22624.6,12284.9,13230.2,53495.7
2,460,43,43,52995.7,26883.2,28567.4,16434.3,13564.6,8268.07
2,460,44,44,47061.8,31485.3,40280.2,17599.8,15953.1,6659.92
2,460,45,45,58658,49531.8,53277.1,41964.9,74954.2,12936.1
2,460,46,46,64453.4,16352.3,17212.3,8921.44,12969.4,5330.78
2,460,47,47,57694.1,18279.1,19930.3,14195.7,9878.52,6752.52
2,460,48,48,63826.5,28528.2,29303.7,17595.3,19104.2,5346.98
2,460,49,49,51516.8,60577.4,60872.9,32237.3,53919.3,8669.44
2,460,50,50,64391.2,17191.8,19480.5,12055.4,14660.2,22982.9
2,460,51,51,58266.4,32081.5,32487.1,18611.7,22275,18104.8
2,460,52,52,50076.6,35029.8,39930.4,21434.8,19391.8,21290.2
2,460,53,53,49511,25648.2,26410.1,17499.1,10629.7,9331.78
2,460,54,54,50306,54406.9,48762.6,29559.6,23686.2,6764.18
2,460,55,55,62784.9,27356.6,30960.1,22178.2,7091.31,8279.88
2,460,56,56,66116.6,12251.9,12503.1,8874.43,12973,10112.7
2,460,57,57,63354.5,23655.5,24546.8,19021.7,24321,17636.8
2,460,58,58,64056.2,16787.7,17413.9,10872.6,8385.32,6255.52
2,460,59,59,61536.7,13534.1,16741.6,13374.7,15696.1,30177.9
2,460,60,60,64493.6,25333.4,31307.1,21182.4,8220.54,6138.2
2,460,61,61,86223.9,12821.8,11791.8,7865.31,5239.98,9199.68
2,460,62,62,58295.2,21315.8,24081.2,14428.4,11693.5,11924.3
2,460,63,63,66262.4,11934.3,16450.8,8407.47,14919.2,25183.4
2,460,64,64,61033.8,24265.4,30071.8,22484.5,8372.38,35395.3
2,460,65,65,63193.9,25995.4,24602.1,12108.1,13931.9,5623.05
2,460,66,66,62251.2,25097,30325.7,26696.6,35687.5,11353
2,460,67,67,64391,11949.9,14679.7,11339.4,15111.7,17402.7
2,460,68,68,53642.3,14793,14483.8,9047.26,9174.78,14786.3
2,460,69,69,64612.8,20512.7,22426.3,12628.3,7017.92,15679
2,460,70,70,60925.9,23342.9,27012.6,17525.9,17238.3,4620.13
2,460,71,71,71951.4,21367.6,25314.5,15214.4,15987.2,8549.9
2,460,72,72,62451.2,28652.7,37092.8,22418.1,35081.9,27713.9
2,460,73,73,60234.4,20744.7,19195.7,8285.03,7207.6,5714.66
2,460,74,74,67604.8,19118,20207.1,13213.3,10212.2,9598.91
2,460,75,75,68907.6,17269.1,22193.5,18267.6,19393,10702.9
2,460,76,76,63355,14209,16633.3,9026.26,10691.7,33350.8
2,460,77,77,58843.7,17028.3,18062,11464.1,10227.1,10929.7
2,460,78,78,65064.2,20445.5,24649.1,13530.7,19192.3,16930.5
2,460,79,79,55871.6,31412.5,37785.5,22171,11313.6,9924.77
2,460,80,80,54563.7,65534.9,64554.5,47739.9,75922.1,13879.7
2,460,81,81,62741.7,12896.3,14704.1,10430.4,12537.7,13674.1
2,460,82,82,67079.3,10955,11536.9,8395.06,6276.77,18122.5
2,460,83,83,64312.9,18459.8,19824.8,12078.1,14770.5,12988
2,460,84,84,56566,48887.3,52339.2,18049.3,26734.8,7455.14
2,460,85,85,62701.9,14307.7,17097.4,9101.73,13170.8,20352.8
2,460,86,86,68188.6,22406.1,24318.2,16357.9,5630.89,11796.5
2,460,87,87,46812.3,40145.1,50780.2,18456.1,13018.3,20014.7
2,460,88,88,54442.2,19724.3,22428.4,12162.5,16705.3,22282.6
2,460,89,89,51744.7,24045.3,31846.3,40257.4,36543.1,10271.9
2,460,90,90,48322.1,26958.6,31293.3,23749.7,6542.7,12048.2
2,460,91,91,71465.8,13443.1,13693.4,10877.3,5813.78,5432.11
2,460,92,92,64297.4,16630.7,16816.9,8764.32,7242.36,4748.5
2,460,93,93,69214.1,14190.6,14889.3,9388.85,6741.07,8321.5
2,460,94,94,54945.8,30873.6,35674.6,17698.5,18775,8272.53
2,460,95,95,53248.4,38668.2,40417.2,21247.2,32036.3,13579.6
2,460,96,96,50085.4,27696.1,28294.9,16604.2,10218.1,6662.51
2,460,97,97,57760.6,24258.3,28608.3,14653.5,10174.4,10642.8
2,460,98,98,69461,11483.5,13572.6,6956.11,9552.74,18212.7
2,460,base,base,63555.6,13784.6,16250.2,9282.7,11216.1,14242.4
3,640,0,0,61266,15233.8,14705,9036.55,6424.31,6719.55
3,640,1,1,54001,16860.4,14618.4,10191.1,8522.43,7280.93
3,640,2,2,58705.8,16168.6,14631.8,10185.6,7430.32,6889.7
3,640,3,3,59154.7,13477.3,15109.6,7520.61,9301.38,16443
3,640,4,4,67154.7,11194.2,10690.7,6951.62,7879.85,12781.5
3,640,5,5,58411.2,20111,18159.5,10426.5,8907.46,6464.52
3,640,6,6,51294.7,29056.2,27745.1,15430.1,9081.58,5061.02
3,640,7,7,57750.6,20444.8,20859.8,9906.84,12970.5,10614.2
3,640,8,8,64077.2,11114,12549.3,6495.13,8527.29,15939.9
3,640,9,9,63409.1,13273.8,13091.3,9716.31,6656.05,10149.7
3,640,10,10,53634.8,52488.8,49764.4,27183,49438.8,6536.38
3,640,11,11,62060.6,15448.6,13963.7,8001.29,6710.47,6928.89
3,640,12,12,62593.9,20412.3,19772,11944.7,9531.46,7521.18
3,640,13,13,56550.2,18047.4,17971.8,9306.14,10999.1,11916.7
3,640,14,14,59151.2,16622,16404.9,9149.66,7289.26,7706.01
3,640,15,15,64315.7,11354.2,11636.3,6397.22,6079.83,11669.1
3,640,16,16,50258.5,20062.5,18817.9,10041.3,8895.93,11481.1
3,640,17,17,65750.4,13005,12165.8,7077.11,7519.18,9447.33
3,640,18,18,57177.6,17256.6,16926.6,11669.7,6310.47,6958.77
3,640,19,19,67636.9,16698.5,14900.4,9406.57,6211.57,5533.04
3,640,20,20,59561.4,16404.2,14912.7,8586.33,5340.62,9099.5
3,640,21,21,54493.3,15902.4,15731.5,13275.3,9275.59,10101.5
3,640,22,22,60349.3,32545.2,37407.7,27371,6763.98,7516.58
3,640,23,23,60070.6,17074.2,16545.8,8558.83,14271.1,10968.9
3,640,24,24,63722.8,12634.9,12980,8460.64,5518.27,7279.51
3,640,25,25,64165.1,17922.6,17260.1,10150.4,6595.17,4318.32
3,640,26,26,46046.6,38001.7,39168.9,22208.8,8472.39,6416.51
3,640,27,27,56187.6,15145.4,14813.3,8559.69,10370.2,16223.8
3,640,28,28,54115.1,31993,33608.4,19892,10993.5,9157.86
3,640,29,29,64784.8,15354.5,16035.4,10938.5,7632.57,6493.77
3,640,30,30,57062.9,17982.7,17185.5,11110.7,6651.84,5464.23
3,640,31,31,53367.1,16941.8,17250.7,8946.33,9472.03,11820.3
3,640,32,32,65934.9,13373.7,12553.9,8338.83,7522.65,6620.47
3,640,33,33,54897,20492.1,20639.4,9142.35,9002,27648
3,640,34,34,70793.9,11511.8,12562.6,7471.34,6919.56,8440.45
3,640,35,35,53881.6,17958.6,17777.6,10352.9,11275.7,7587.57
3,640,36,36,56952.2,18921.1,18140.3,13557.6,8180.4,4853.58
3,640,37,37,58863.5,21003.8,20068.9,11030.6,6358.11,5156.13
3,640,38,38,63034.8,16181.7,16072.4,9903.29,4420.91,7710.07
3,640,39,39,62215.8,13192.8,11696.8,7836.64,7357.98,9210.41
3,640,40,40,58176.7,16230.5,15064.1,8204.76,7809.82,8596.44
3,640,41,41,49497.6,37725.7,37478.4,19450.4,16556.1,4836.52
3,640,42,42,62569.4,13883,13055.7,7752.54,4850.99,12153.8
3,640,43,43,52594,27973.2,28274.1,16548.1,7842.15,6972.53
3,640,44,44,50160.4,29897.4,32514.9,20052.9,9503.93,6815.82
3,640,45,45,54492.3,61516.4,60363.6,40178.4,75102.2,6642.64
3,640,46,46,60415.8,16091.6,15936.4,8448.61,8245.82,6472.73
3,640,47,47,50518.6,28464.8,28115.1,15244.5,7244.51,4175.37
3,640,48,48,62665.7,24833.1,31703.4,21870.9,7192.59,6683.41
3,640,49,49,55497.6,15920.2,14130.8,9645.22,7352.95,11945.2
3,640,50,50,63838.8,12174.9,11700.8,7365.51,7450.64,10654.9
3,640,51,51,58821.8,15984.8,14544.4,11333.6,12663,10743.2
3,640,52,52,52751.9,30517.3,33396,22781.5,6870.41,8579.92
3,640,53,53,54501.8,19473.1,17273.4,12386.1,8882.74,6659.4
3,640,54,54,57236.2,25297.5,23472.3,11959.4,11208.1,5386.58
3,640,55,55,58748,17456.1,17303.5,9521.36,8208.47,12252.1
3,640,56,56,62171.4,12622.5,12300.7,7896.25,10278.6,12889.2
3,640,57,57,60215.8,15190.7,14184.6,9339.23,9844.11,10216.4
3,640,58,58,51073.7,36527.6,37100.3,16331.2,9310.18,4711.12
3,640,59,59,59163.4,15049.5,14871.9,8879.39,12105.7,14878.1
3,640,60,60,60237.9,29803.4,34479.3,22315.4,8987.04,7388.62
3,640,61,61,73699.2,11983.7,9755.69,7311.51,5356.31,8540.13
3,640,62,62,58830.9,14593.1,12252.4,9500.61,8248.88,8923.74
3,640,63,63,59966.6,12077,13925.1,6994.62,10211.7,19068.5
3,640,64,64,53384,39132.4,39914.9,21289.6,15119.9,10470.2
3,640,65,65,60546,17959.1,16754.4,9935.92,6188.15,6855.25
3,640,66,66,57881.4,14409.3,14749.4,8823.63,10258.4,10129
3,640,67,67,62014.8,12956.1,12628.7,8823.32,9057.7,11599.4
3,640,68,68,52931.7,14912.1,14111.1,8131.33,7547.92,12232.9
3,640,69,69,63651.6,13002,12073.7,8186.64,6334.12,8838.66
3,640,70,70,55296.6,43453.1,45274.4,29329.1,46990.4,5342.44
3,640,71,71,62751.4,13137,12600.8,8216.28,7627.07,7128.51
3,640,72,72,59849.1,14238.4,15439.1,9586.03,13118.9,12239.4
3,640,73,73,59702.4,16352.7,14348.2,6957.99,8966.83,10013.3
3,640,74,74,64428.5,14607.4,13262.4,11001.9,8131.36,6933.36
3,640,75,75,61565,14496,13869.4,10363.5,7977.59,8108.29
3,640,76,76,55600.2,23450,23085.5,12532.6,14679.6,15146.3
3,640,77,77,59951,14258.9,12638.9,8878.71,8174.85,8213.17
3,640,78,78,62165.8,13849.9,14820.3,9354.5,9020.89,8537.88
3,640,79,79,61418.3,15752.7,16370.3,11732.2,15192.4,5875.71
3,640,80,80,44633.6,43525.6,41316.5,21371.1,10083.3,7137.25
3,640,81,81,58646.3,16273.8,15060.8,10321.1,6564.23,7503.18
3,640,82,82,62477.5,15000.6,12960.7,8639.77,4227.19,7296.11
3,640,83,83,60033.3,15657.7,15041.9,9248.93,6887.26,6551.2
3,640,84,84,68336.7,13285.4,12402.8,7639.85,4991.29,7284.88
3,640,85,85,56333.3,61658,61200.2,33677,58282.8,5551.22
3,640,86,86,59995.6,27549.1,30309.3,22109.9,6801.04,6967.12
3,640,87,87,60438,14963.8,13761.4,10192.2,5586.39,9335
3,640,88,88,53321,20239.6,21093.2,10778.6,13888.7,14982.1
3,640,89,89,55503.6,19897.3,18521.6,13054,6445.35,5545.99
3,640,90,90,52509.5,15955.7,15287.3,9329.07,8277.11,19108.6
3,640,91,91,60722.3,14172.2,13575.1,9156.3,6697.95,7608.56
3,640,92,92,58327.5,15096.3,15951.3,8355.5,10298.1,11091.8
3,640,93,93,61613.9,14218.2,14625.6,8162.05,7630.19,12391
3,640,94,94,49711.8,41191.1,41153.6,22918.4,31032.5,3784.9
3,640,95,95,56909.7,72481.9,73540.1,46689,82715.2,7856.89
3,640,96,96,55582.6,17821.3,17115.5,12529.5,13284.7,7264.82
3,640,97,97,59993.3,15881.9,14966.5,11298.5,7278.4,7039.68
3,640,98,98,66258.3,11384.2,11441.5,6845.69,6621.4,12618.8
3,640,base,base,58064.9,13854.9,14879.6,9376.54,11749.6,15953.5
